insert into person (person_number, person_name, address) values ('557665785133', 'Jaine Skey', '3 Carioca Park');
insert into person (person_number, person_name, address) values ('812762546887', 'Devonne Hoodlass', '0700 Oxford Junction');
insert into person (person_number, person_name, address) values ('389064351433', 'Farand Turpie', '386 Summit Terrace');
insert into person (person_number, person_name, address) values ('144160797364', 'Tallie Summerfield', '6 Jana Junction');
insert into person (person_number, person_name, address) values ('539316208981', 'Darda Favill', '5 Grayhawk Street');
insert into person (person_number, person_name, address) values ('281358804471', 'Charley St Quenin', '89248 Kingsford Circle');
insert into person (person_number, person_name, address) values ('304905791943', 'Mariette Cutler', '36 Springview Court');
insert into person (person_number, person_name, address) values ('231392746351', 'Louisa Struys', '06171 Knutson Drive');
insert into person (person_number, person_name, address) values ('591142172317', 'Lexie Berth', '0 Sage Center');
insert into person (person_number, person_name, address) values ('795850890381', 'Selby Hatterslay', '82 Elgar Circle');
insert into person (person_number, person_name, address) values ('051951331509', 'Joane Baglan', '28 Sage Drive');
insert into person (person_number, person_name, address) values ('285379032657', 'Maure Vosper', '7924 Kings Center');
insert into person (person_number, person_name, address) values ('557878871926', 'Elfreda Fallows', '442 Bay Drive');
insert into person (person_number, person_name, address) values ('148901357713', 'Maurise Di Frisco', '4 Canary Drive');
insert into person (person_number, person_name, address) values ('310839569634', 'Thomasina Risson', '16 Hudson Street');
insert into person (person_number, person_name, address) values ('284793579377', 'Alaric Lowrie', '090 Ludington Lane');
insert into person (person_number, person_name, address) values ('051461036401', 'Lammond Ryott', '82161 Evergreen Terrace');
insert into person (person_number, person_name, address) values ('733481640957', 'Roderigo Dorsett', '219 Granby Way');
insert into person (person_number, person_name, address) values ('585566457690', 'Martita Nossent', '98932 Corry Way');
insert into person (person_number, person_name, address) values ('071628418671', 'Felice Cumberlidge', '92514 Judy Trail');
insert into person (person_number, person_name, address) values ('335335347072', 'Denney Hillan', '9055 Namekagon Road');
insert into person (person_number, person_name, address) values ('791663751329', 'Nessi Burnitt', '30 Lunder Trail');
insert into person (person_number, person_name, address) values ('217889787118', 'Louise Mattityahou', '9923 Graceland Hill');
insert into person (person_number, person_name, address) values ('120127243501', 'Hedvige Doucette', '80 Hollow Ridge Road');
insert into person (person_number, person_name, address) values ('453252904465', 'Vania De Cristofalo', '39614 Magdeline Avenue');
insert into person (person_number, person_name, address) values ('470573769905', 'Thornton Snadden', '97 Caliangt Junction');
insert into person (person_number, person_name, address) values ('044754075162', 'Abbie Jime', '18936 Coolidge Place');
insert into person (person_number, person_name, address) values ('294819429926', 'Brok Swatheridge', '169 6th Lane');
insert into person (person_number, person_name, address) values ('532577911008', 'Deni Dawidman', '2654 Village Green Court');
insert into person (person_number, person_name, address) values ('429829787465', 'Gayleen Waliszewski', '60026 Drewry Crossing');
insert into person (person_number, person_name, address) values ('432430754854', 'Zebedee Claughton', '276 Quincy Trail');
insert into person (person_number, person_name, address) values ('778741950041', 'Sandro Caudrey', '2438 Iowa Pass');
insert into person (person_number, person_name, address) values ('142294243411', 'Lucais Hessing', '142 Drewry Trail');
insert into person (person_number, person_name, address) values ('704830449094', 'Klarrisa Twamley', '2485 Dakota Road');
insert into person (person_number, person_name, address) values ('030445451013', 'Baxy Robbins', '134 Cardinal Point');
insert into person (person_number, person_name, address) values ('140523070250', 'Shepherd Rotte', '2 Cascade Avenue');
insert into person (person_number, person_name, address) values ('148467243712', 'Bail Chazette', '4755 Loftsgordon Street');
insert into person (person_number, person_name, address) values ('332120854783', 'Gretchen Delacour', '28 Onsgard Avenue');
insert into person (person_number, person_name, address) values ('961147856184', 'Kally MacSween', '19 Mayfield Point');
insert into person (person_number, person_name, address) values ('604466940653', 'Winston Goldsack', '2141 Manufacturers Plaza');
insert into person (person_number, person_name, address) values ('040055441878', 'Hobart Nevinson', '36 Arrowood Pass');
insert into person (person_number, person_name, address) values ('987681862009', 'Kendre Cornwell', '262 Lien Avenue');
insert into person (person_number, person_name, address) values ('813780732546', 'Christine Iuorio', '5 Grover Place');
insert into person (person_number, person_name, address) values ('992343487742', 'Sheri Tampling', '7 2nd Crossing');
insert into person (person_number, person_name, address) values ('114967355117', 'Hammad Benfield', '85325 Riverside Alley');
insert into person (person_number, person_name, address) values ('972391020298', 'Benjamin Woodfine', '76 Southridge Parkway');
insert into person (person_number, person_name, address) values ('321800394942', 'Heda Szantho', '1 Briar Crest Parkway');
insert into person (person_number, person_name, address) values ('458792399597', 'Broderic Fautley', '9 Kedzie Street');
insert into person (person_number, person_name, address) values ('529305920459', 'Waylon Dyka', '26 Thompson Street');
insert into person (person_number, person_name, address) values ('465395699064', 'Madison Linggood', '05172 Kinsman Drive');
insert into person (person_number, person_name, address) values ('365727003655', 'Leah Jaslem', '421 Artisan Pass');
insert into person (person_number, person_name, address) values ('073621089019', 'Kerri Reeds', '58043 Killdeer Point');
insert into person (person_number, person_name, address) values ('662458826658', 'Caldwell Willimot', '0457 Burrows Parkway');
insert into person (person_number, person_name, address) values ('909237448581', 'Linus Karpushkin', '04296 Talisman Pass');
insert into person (person_number, person_name, address) values ('204787027207', 'Kristi McCuffie', '34773 Valley Edge Center');
insert into person (person_number, person_name, address) values ('225608512540', 'Ceil Malacrida', '84 Bashford Alley');
insert into person (person_number, person_name, address) values ('869192262963', 'Jareb Firmage', '7752 Rieder Trail');
insert into person (person_number, person_name, address) values ('353802900385', 'Celka Ramsell', '28630 Raven Plaza');
insert into person (person_number, person_name, address) values ('153370881186', 'Jdavie Gunbie', '16 Quincy Lane');
insert into person (person_number, person_name, address) values ('493140120503', 'Christiane Pentecust', '8 East Avenue');
insert into person (person_number, person_name, address) values ('475470765351', 'Chicky Clayton', '1 Vidon Trail');
insert into person (person_number, person_name, address) values ('425637379593', 'Heda Brocklesby', '47 Village Green Alley');
insert into person (person_number, person_name, address) values ('879460915513', 'Lewie Dedon', '735 Bunker Hill Center');
insert into person (person_number, person_name, address) values ('516919833220', 'Dominic Goning', '0043 Fordem Crossing');
insert into person (person_number, person_name, address) values ('782721167431', 'Ellene Croix', '9666 Judy Drive');
insert into person (person_number, person_name, address) values ('456642627592', 'Paige Jacquemet', '6 Kedzie Place');
insert into person (person_number, person_name, address) values ('604522616233', 'Babara Yakobovicz', '42044 Prentice Center');
insert into person (person_number, person_name, address) values ('645245795858', 'Ilsa Helsby', '48 Boyd Trail');
insert into person (person_number, person_name, address) values ('100499798202', 'Terrye Pencot', '5457 Graedel Street');
insert into person (person_number, person_name, address) values ('741580039167', 'Shanna Caldow', '0 Transport Circle');
insert into person (person_number, person_name, address) values ('062485908159', 'Edgard Burnyate', '65963 3rd Road');
insert into person (person_number, person_name, address) values ('061245051600', 'Floris Betts', '82377 Westridge Way');
insert into person (person_number, person_name, address) values ('629542625909', 'Hadlee Mibourne', '781 Montana Parkway');
insert into person (person_number, person_name, address) values ('834411614422', 'Morgen Stallion', '93638 Scoville Parkway');
insert into person (person_number, person_name, address) values ('301161733742', 'Lazarus Frostdyke', '75519 Saint Paul Street');
insert into person (person_number, person_name, address) values ('525764251752', 'Inigo Mithun', '1 Schlimgen Pass');
insert into person (person_number, person_name, address) values ('026437659346', 'Dione Blackaby', '01257 Farragut Terrace');
insert into person (person_number, person_name, address) values ('547322288927', 'Rhetta Odgaard', '718 Service Circle');
insert into person (person_number, person_name, address) values ('236505230971', 'Kelvin Kybbye', '2384 Fairfield Center');
insert into person (person_number, person_name, address) values ('318065214144', 'Lebbie Colegrove', '17348 Manley Parkway');
insert into person (person_number, person_name, address) values ('578931196367', 'Dixie Balme', '03842 Schmedeman Center');
insert into person (person_number, person_name, address) values ('374906312385', 'Wye Fitchew', '389 Mallard Lane');
insert into person (person_number, person_name, address) values ('843155735765', 'Celinka Morriss', '566 Rieder Lane');
insert into person (person_number, person_name, address) values ('072336326380', 'Tiffany Kolczynski', '3 Shasta Plaza');
insert into person (person_number, person_name, address) values ('102771987804', 'Mill Cudiff', '2 Rigney Place');
insert into person (person_number, person_name, address) values ('089036378666', 'Emmet Wrotchford', '96695 Sycamore Circle');
insert into person (person_number, person_name, address) values ('489648915781', 'Danika Bothbie', '1 Sutteridge Avenue');
insert into person (person_number, person_name, address) values ('021281895517', 'Arel Hamfleet', '4 Artisan Way');
insert into person (person_number, person_name, address) values ('030999623474', 'Lora Charters', '8315 Amoth Alley');
insert into person (person_number, person_name, address) values ('084715521245', 'Brigitta Antliff', '92 Dakota Point');
insert into person (person_number, person_name, address) values ('970117650732', 'Stepha Scading', '72212 Bayside Lane');
insert into person (person_number, person_name, address) values ('267247555731', 'Gerry Borghese', '05 Darwin Place');
insert into person (person_number, person_name, address) values ('466334401954', 'Glynnis Laye', '9 Ohio Circle');
insert into person (person_number, person_name, address) values ('841138494662', 'Hal Spoerl', '04 Raven Parkway');
insert into person (person_number, person_name, address) values ('830419527539', 'Barnie Prazor', '8526 Iowa Circle');
insert into person (person_number, person_name, address) values ('636501765062', 'Kermie Fatharly', '4750 Commercial Point');
insert into person (person_number, person_name, address) values ('906452817870', 'Hillier Hearns', '47 Lakewood Street');
insert into person (person_number, person_name, address) values ('862599824355', 'Davita Drillingcourt', '1675 Grasskamp Way');
insert into person (person_number, person_name, address) values ('507523786494', 'Joella Bowskill', '46187 Cherokee Junction');
insert into person (person_number, person_name, address) values ('752804347099', 'Tamarra Ather', '440 Anzinger Place');
insert into person (person_number, person_name, address) values ('039276354886', 'Hanny Astlett', '44 Calypso Junction');
insert into person (person_number, person_name, address) values ('126920989358', 'Tommie Atto', '97679 Lawn Drive');
insert into person (person_number, person_name, address) values ('781797656669', 'Monty Elintune', '61272 Vermont Point');
insert into person (person_number, person_name, address) values ('962612603250', 'Dore Wychard', '5 Birchwood Road');
insert into person (person_number, person_name, address) values ('046083945082', 'Lovell Hymor', '85 Jenna Drive');
insert into person (person_number, person_name, address) values ('847635086078', 'Kasper Barkway', '11475 Fairview Street');
insert into person (person_number, person_name, address) values ('959361858109', 'Durward Menilove', '41 Hallows Street');
insert into person (person_number, person_name, address) values ('220437470175', 'Marthena Elgram', '30 Arapahoe Hill');
insert into person (person_number, person_name, address) values ('972204429883', 'Olivette Darbon', '9 Corry Junction');
insert into person (person_number, person_name, address) values ('104173789610', 'Holly Hornung', '598 Garrison Hill');
insert into person (person_number, person_name, address) values ('190936484270', 'Tammy Castellani', '4 Golf Course Avenue');
insert into person (person_number, person_name, address) values ('501345564247', 'Prue Salzen', '071 Hazelcrest Plaza');
insert into person (person_number, person_name, address) values ('365366230675', 'Cindie Josefsson', '09 Cambridge Road');
insert into person (person_number, person_name, address) values ('039680886635', 'Lothaire Kelby', '3940 Corben Circle');
insert into person (person_number, person_name, address) values ('841911533794', 'Karly Leidecker', '317 Fieldstone Junction');
insert into person (person_number, person_name, address) values ('072048130831', 'Marmaduke Danes', '975 Longview Avenue');
insert into person (person_number, person_name, address) values ('670117883627', 'Marshal Chappel', '798 Saint Paul Way');
insert into person (person_number, person_name, address) values ('797421023138', 'Cello Jiras', '8 Marquette Way');
insert into person (person_number, person_name, address) values ('651989519373', 'Jeramie Crehan', '4802 Crescent Oaks Court');
insert into person (person_number, person_name, address) values ('704571544199', 'Cindra MacNab', '3 Swallow Street');
insert into person (person_number, person_name, address) values ('467912587964', 'Lacy Tokell', '762 Spenser Junction');
insert into person (person_number, person_name, address) values ('526135595005', 'Janessa Petasch', '3198 Briar Crest Pass');
insert into person (person_number, person_name, address) values ('243446708842', 'Patience De Cristofalo', '029 Division Pass');
insert into person (person_number, person_name, address) values ('438046171033', 'Pebrook Truse', '1985 Talisman Lane');
insert into person (person_number, person_name, address) values ('513560510620', 'Dominik Saphir', '7969 Oriole Lane');
insert into person (person_number, person_name, address) values ('589418265027', 'Nyssa Fitchett', '8431 Dovetail Center');
insert into person (person_number, person_name, address) values ('672483565615', 'Nanine Windrus', '0089 Ridgeway Lane');
insert into person (person_number, person_name, address) values ('973237446975', 'Riccardo O''Kinedy', '6 Buena Vista Plaza');
insert into person (person_number, person_name, address) values ('529248134063', 'Elke Fothergill', '03368 Daystar Park');
insert into person (person_number, person_name, address) values ('744426109445', 'Kaleena Mattock', '7322 Arrowood Hill');
insert into person (person_number, person_name, address) values ('897788924220', 'Drew Crewther', '65 Harper Terrace');
insert into person (person_number, person_name, address) values ('397922715667', 'Dreddy Dollimore', '1 Village Green Avenue');
insert into person (person_number, person_name, address) values ('178950004385', 'Margarethe Garlee', '64 Randy Parkway');
insert into person (person_number, person_name, address) values ('728023236489', 'Boigie Condy', '5810 Village Green Avenue');
insert into person (person_number, person_name, address) values ('575457132965', 'Archy Murfill', '76305 Ridge Oak Terrace');
insert into person (person_number, person_name, address) values ('032013552159', 'Belva Haggith', '750 Mitchell Hill');
insert into person (person_number, person_name, address) values ('443004080078', 'Brooks Naughton', '3944 Wayridge Plaza');
insert into person (person_number, person_name, address) values ('900447183113', 'Margot Folke', '571 Chive Plaza');
insert into person (person_number, person_name, address) values ('209688036428', 'Tommie Danielsohn', '500 Lindbergh Place');
insert into person (person_number, person_name, address) values ('983165758542', 'Bobbee Pellant', '14839 Service Pass');
insert into person (person_number, person_name, address) values ('746211552904', 'Vachel Scully', '18 Northport Terrace');
insert into person (person_number, person_name, address) values ('127624688682', 'Annamarie Cansdell', '75 Forest Run Hill');
insert into person (person_number, person_name, address) values ('341242003614', 'Selinda Lobell', '004 Mcbride Place');
insert into person (person_number, person_name, address) values ('563491509753', 'Lucita Grayham', '3 Northridge Road');
insert into person (person_number, person_name, address) values ('526223814426', 'Claudell Rupel', '31 Melody Alley');
insert into person (person_number, person_name, address) values ('316762598896', 'Helsa Peedell', '198 Prentice Plaza');
insert into person (person_number, person_name, address) values ('056707971290', 'Zollie Moncrefe', '43 Emmet Point');
insert into person (person_number, person_name, address) values ('130785457392', 'Simonne Coo', '21671 Loeprich Parkway');
insert into person (person_number, person_name, address) values ('301489945841', 'Curt Jery', '7 Sunbrook Point');
insert into person (person_number, person_name, address) values ('462658521033', 'Glynnis Nossent', '67 Esker Street');
insert into person (person_number, person_name, address) values ('493449909989', 'Arlan De Hooch', '14 Hauk Trail');
insert into person (person_number, person_name, address) values ('242890797485', 'Tobi Yanyushkin', '5127 Maple Wood Avenue');
insert into person (person_number, person_name, address) values ('321433641996', 'Millisent Roark', '322 Cardinal Parkway');
insert into person (person_number, person_name, address) values ('135878574675', 'Esteban Jollye', '6 Talisman Way');
insert into person (person_number, person_name, address) values ('955866662248', 'Winfield Lovemore', '068 Granby Terrace');
insert into person (person_number, person_name, address) values ('527978165619', 'Harvey Le Barre', '6 Anzinger Place');
insert into person (person_number, person_name, address) values ('036118126548', 'Krystalle Purry', '524 Hazelcrest Crossing');
insert into person (person_number, person_name, address) values ('782141703155', 'Flory Aronowitz', '27 Granby Center');
insert into person (person_number, person_name, address) values ('575960668354', 'Kath Gallico', '81 Dahle Street');
insert into person (person_number, person_name, address) values ('823466081422', 'Charline Matevosian', '6307 Buena Vista Way');
insert into person (person_number, person_name, address) values ('437576874270', 'Arly Janny', '4945 Thierer Junction');
insert into person (person_number, person_name, address) values ('153542857222', 'Verine Cassella', '3904 Almo Avenue');
insert into person (person_number, person_name, address) values ('156171704974', 'Therine Sporton', '81330 Warrior Junction');
insert into person (person_number, person_name, address) values ('839940126625', 'Gerome Hurdidge', '7 Clarendon Street');
insert into person (person_number, person_name, address) values ('767518211681', 'Zeb O''Henehan', '737 Canary Terrace');
insert into person (person_number, person_name, address) values ('390954032383', 'Paddy Morey', '1676 Scott Street');
insert into person (person_number, person_name, address) values ('036526038689', 'Marilyn Chopin', '685 Bunting Trail');
insert into person (person_number, person_name, address) values ('228845527626', 'Flss Crowley', '5 Sunbrook Park');
insert into person (person_number, person_name, address) values ('323163196828', 'Ashien Inmett', '78 Burrows Court');
insert into person (person_number, person_name, address) values ('528798094768', 'Phil Cheesley', '90 Jana Park');
insert into person (person_number, person_name, address) values ('492324908311', 'Adda Prate', '039 Comanche Terrace');
insert into person (person_number, person_name, address) values ('570503453446', 'Renate Mughal', '4504 Prentice Road');
insert into person (person_number, person_name, address) values ('868117232182', 'Fenelia Sidery', '585 Evergreen Place');
insert into person (person_number, person_name, address) values ('577674769259', 'Humfrid Gaskin', '5519 Logan Street');
insert into person (person_number, person_name, address) values ('252933074027', 'Jeanna Parrot', '933 Shoshone Alley');
insert into person (person_number, person_name, address) values ('681203837448', 'Hettie Wansbury', '3 Gale Way');
insert into person (person_number, person_name, address) values ('212452186673', 'Lacey Pawlyn', '5276 Jay Drive');
insert into person (person_number, person_name, address) values ('928894527260', 'Rahel Nisot', '2515 Sundown Terrace');
insert into person (person_number, person_name, address) values ('142915285148', 'Uta Ladbrooke', '1748 Lighthouse Bay Junction');
insert into person (person_number, person_name, address) values ('143766101493', 'Artur Edgeson', '0 Muir Avenue');
insert into person (person_number, person_name, address) values ('297083365708', 'Neddie Greensitt', '67 Anderson Parkway');
insert into person (person_number, person_name, address) values ('134791355287', 'Dell Normington', '03 Derek Road');
insert into person (person_number, person_name, address) values ('969770204405', 'Ashil Hirschmann', '03199 Gerald Plaza');
insert into person (person_number, person_name, address) values ('099490611667', 'Rosemary Varty', '47 Maywood Road');
insert into person (person_number, person_name, address) values ('328205106677', 'Amberly Cofax', '145 Weeping Birch Hill');
insert into person (person_number, person_name, address) values ('332081268671', 'Issy Debnam', '6119 Bluestem Place');
insert into person (person_number, person_name, address) values ('063015579719', 'Reinaldo Desborough', '1 Anzinger Road');
insert into person (person_number, person_name, address) values ('816964968303', 'Wyndham Wawer', '1027 David Hill');
insert into person (person_number, person_name, address) values ('800362442880', 'Nata Winter', '7 Ruskin Hill');
insert into person (person_number, person_name, address) values ('702461639690', 'Lulita Bende', '96 Village Crossing');
insert into person (person_number, person_name, address) values ('717819219218', 'Jordon Coulthurst', '8370 Pearson Road');
insert into person (person_number, person_name, address) values ('832848036667', 'Husain Aleksich', '344 Stang Pass');
insert into person (person_number, person_name, address) values ('975791013298', 'Shaun Lempenny', '2 Hoepker Trail');
insert into person (person_number, person_name, address) values ('647448981305', 'Selie Rubinow', '50591 Vidon Plaza');
insert into person (person_number, person_name, address) values ('858349495434', 'Cirstoforo Cough', '17238 Fuller Trail');
insert into person (person_number, person_name, address) values ('539682617681', 'Devlen Lancley', '0 Bellgrove Lane');
insert into person (person_number, person_name, address) values ('803914020367', 'Manda McCathay', '6825 Lighthouse Bay Park');
insert into person (person_number, person_name, address) values ('159274241603', 'Lindsay McGlue', '4 Hollow Ridge Road');
insert into person (person_number, person_name, address) values ('772097281641', 'Dermot Gommey', '4 Steensland Lane');
insert into person (person_number, person_name, address) values ('628357954299', 'Eziechiele Ornelas', '35864 Schmedeman Lane');
insert into person (person_number, person_name, address) values ('913645963908', 'Anastasie Mabbutt', '429 Springs Circle');
insert into person (person_number, person_name, address) values ('661139210343', 'Emmy Dummer', '271 Moulton Road');
insert into person (person_number, person_name, address) values ('674693291800', 'Mari Egarr', '25278 Dahle Plaza');
insert into person (person_number, person_name, address) values ('388975520420', 'Dolorita Greenman', '29527 Westridge Lane');
insert into person (person_number, person_name, address) values ('455988905011', 'Karisa Sphinxe', '2 Everett Parkway');
insert into person (person_number, person_name, address) values ('881004231388', 'Dew Tivers', '119 Buhler Road');
insert into person (person_number, person_name, address) values ('388035403747', 'Norine Barenski', '3816 Manitowish Junction');
insert into person (person_number, person_name, address) values ('376974360324', 'Aarika Kelby', '516 Namekagon Trail');
insert into person (person_number, person_name, address) values ('700119109194', 'Tandy Polglaze', '478 Arkansas Road');
insert into person (person_number, person_name, address) values ('436415996619', 'Korie Glavias', '3390 Weeping Birch Circle');
insert into person (person_number, person_name, address) values ('933850648047', 'Goddard Beidebeke', '0414 Prairie Rose Place');
insert into person (person_number, person_name, address) values ('557935140229', 'Flint Crumbie', '7 Eliot Terrace');
insert into person (person_number, person_name, address) values ('634196619020', 'Ingeberg Hodcroft', '2 Comanche Point');
insert into person (person_number, person_name, address) values ('379627809395', 'Olva Andress', '945 Vahlen Trail');
insert into person (person_number, person_name, address) values ('142186122106', 'Isacco Mathivon', '0 Hoffman Plaza');
insert into person (person_number, person_name, address) values ('365495992798', 'Keely Smurfitt', '31459 Oneill Hill');
insert into person (person_number, person_name, address) values ('326739831088', 'Bernadene Lamden', '0728 Derek Street');
insert into person (person_number, person_name, address) values ('610390483540', 'Oren Darrach', '70330 Hallows Place');
insert into person (person_number, person_name, address) values ('069856366522', 'Vally Dillinger', '6 Claremont Drive');
insert into person (person_number, person_name, address) values ('553413934762', 'Nancie Cleworth', '44 Shoshone Street');
insert into person (person_number, person_name, address) values ('585973557601', 'Shirley Ivermee', '504 Cottonwood Avenue');
insert into person (person_number, person_name, address) values ('650577445471', 'Lezley Casterou', '6059 Lawn Drive');
insert into person (person_number, person_name, address) values ('233151348470', 'Marina Seaward', '43 Tennyson Center');
insert into person (person_number, person_name, address) values ('519643258627', 'Valentino Royall', '37 Jenifer Junction');
insert into person (person_number, person_name, address) values ('778976218965', 'Cammy Downey', '0688 Brentwood Plaza');
insert into person (person_number, person_name, address) values ('660807438027', 'Jenna Guirau', '6430 Cody Hill');
insert into person (person_number, person_name, address) values ('222296346024', 'Tobe Lineen', '864 7th Park');
insert into person (person_number, person_name, address) values ('850217098551', 'Obie Gobolos', '7717 International Plaza');
insert into person (person_number, person_name, address) values ('855775223062', 'Sher Esley', '20 Florence Trail');
insert into person (person_number, person_name, address) values ('609570559199', 'Pepi Westnedge', '33 Burning Wood Place');
insert into person (person_number, person_name, address) values ('805697308321', 'Winifred Stainsby', '9 Victoria Avenue');
insert into person (person_number, person_name, address) values ('867826032446', 'Pennie Eayrs', '6303 Quincy Terrace');
insert into person (person_number, person_name, address) values ('198563215919', 'Chico Alleburton', '68512 Morning Parkway');
insert into person (person_number, person_name, address) values ('895385864608', 'Shepherd Roget', '8419 International Street');
insert into person (person_number, person_name, address) values ('205743099863', 'Jodie Kembry', '61173 East Drive');
insert into person (person_number, person_name, address) values ('261866403156', 'Giuditta Collens', '8 Larry Plaza');
insert into person (person_number, person_name, address) values ('737321051611', 'Chrotoem Summerley', '18 Brickson Park Court');
insert into person (person_number, person_name, address) values ('916935912439', 'Odele Valintine', '980 Anderson Alley');
insert into person (person_number, person_name, address) values ('873598271245', 'Harri Punter', '13726 Mariners Cove Street');
insert into person (person_number, person_name, address) values ('423790991316', 'Dione Pollington', '55485 Ilene Crossing');
insert into person (person_number, person_name, address) values ('561441698545', 'Orelia Comerford', '24361 Maple Wood Court');
insert into person (person_number, person_name, address) values ('023997871786', 'Mellie Keepe', '93890 Kennedy Terrace');
insert into person (person_number, person_name, address) values ('372973051709', 'Tedman Rivel', '4044 Graceland Junction');
insert into person (person_number, person_name, address) values ('456667820546', 'Natalya Drinkel', '1657 Crest Line Lane');
insert into person (person_number, person_name, address) values ('567648476874', 'Carlen Fairlie', '380 Express Park');
insert into person (person_number, person_name, address) values ('438389507316', 'Doralynn Senior', '4159 American Ash Plaza');
insert into person (person_number, person_name, address) values ('544419697615', 'Paige Tofful', '6 Kropf Drive');
insert into person (person_number, person_name, address) values ('205994009844', 'Marcelo Mance', '8058 Vernon Center');
insert into person (person_number, person_name, address) values ('945761401421', 'Corette Pesic', '8578 Bunting Lane');
insert into person (person_number, person_name, address) values ('890887812000', 'Stephannie Jersh', '47 Hintze Point');



INSERT INTO valid_skill_level (skill_level)
VALUES ('Beginner'), ('Intermediate'), ('Advanced');


INSERT INTO taught_instrument (instrument)
VALUES ('Piano'), ('Violin'), ('Guitar'), ('Flute'), ('Trumpet'), ('Drums'), ('Saxophone'), ('Clarinet'), ('Cello'), ('Trombone');


insert into student (skill_level, person_id) values ('Advanced', 1);
insert into student (skill_level, person_id) values ('Beginner', 2);
insert into student (skill_level, person_id) values ('Beginner', 3);
insert into student (skill_level, person_id) values ('Advanced', 4);
insert into student (skill_level, person_id) values ('Intermediate', 5);
insert into student (skill_level, person_id) values ('Beginner', 6);
insert into student (skill_level, person_id) values ('Advanced', 7);
insert into student (skill_level, person_id) values ('Advanced', 8);
insert into student (skill_level, person_id) values ('Intermediate', 9);
insert into student (skill_level, person_id) values ('Intermediate', 10);
insert into student (skill_level, person_id) values ('Advanced', 11);
insert into student (skill_level, person_id) values ('Intermediate', 12);
insert into student (skill_level, person_id) values ('Intermediate', 13);
insert into student (skill_level, person_id) values ('Beginner', 14);
insert into student (skill_level, person_id) values ('Intermediate', 15);
insert into student (skill_level, person_id) values ('Beginner', 16);
insert into student (skill_level, person_id) values ('Beginner', 17);
insert into student (skill_level, person_id) values ('Advanced', 18);
insert into student (skill_level, person_id) values ('Advanced', 19);
insert into student (skill_level, person_id) values ('Beginner', 20);
insert into student (skill_level, person_id) values ('Intermediate', 21);
insert into student (skill_level, person_id) values ('Beginner', 22);
insert into student (skill_level, person_id) values ('Beginner', 23);
insert into student (skill_level, person_id) values ('Beginner', 24);
insert into student (skill_level, person_id) values ('Intermediate', 25);
insert into student (skill_level, person_id) values ('Advanced', 26);
insert into student (skill_level, person_id) values ('Advanced', 27);
insert into student (skill_level, person_id) values ('Intermediate', 28);
insert into student (skill_level, person_id) values ('Beginner', 29);
insert into student (skill_level, person_id) values ('Beginner', 30);
insert into student (skill_level, person_id) values ('Advanced', 31);
insert into student (skill_level, person_id) values ('Intermediate', 32);
insert into student (skill_level, person_id) values ('Intermediate', 33);
insert into student (skill_level, person_id) values ('Beginner', 34);
insert into student (skill_level, person_id) values ('Advanced', 35);
insert into student (skill_level, person_id) values ('Advanced', 36);
insert into student (skill_level, person_id) values ('Beginner', 37);
insert into student (skill_level, person_id) values ('Intermediate', 38);
insert into student (skill_level, person_id) values ('Beginner', 39);
insert into student (skill_level, person_id) values ('Intermediate', 40);
insert into student (skill_level, person_id) values ('Intermediate', 41);
insert into student (skill_level, person_id) values ('Intermediate', 42);
insert into student (skill_level, person_id) values ('Advanced', 43);
insert into student (skill_level, person_id) values ('Intermediate', 44);
insert into student (skill_level, person_id) values ('Intermediate', 45);
insert into student (skill_level, person_id) values ('Advanced', 46);
insert into student (skill_level, person_id) values ('Advanced', 47);
insert into student (skill_level, person_id) values ('Advanced', 48);
insert into student (skill_level, person_id) values ('Intermediate', 49);
insert into student (skill_level, person_id) values ('Beginner', 50);
insert into student (skill_level, person_id) values ('Beginner', 51);
insert into student (skill_level, person_id) values ('Intermediate', 52);
insert into student (skill_level, person_id) values ('Beginner', 53);
insert into student (skill_level, person_id) values ('Beginner', 54);
insert into student (skill_level, person_id) values ('Intermediate', 55);
insert into student (skill_level, person_id) values ('Intermediate', 56);
insert into student (skill_level, person_id) values ('Intermediate', 57);
insert into student (skill_level, person_id) values ('Beginner', 58);
insert into student (skill_level, person_id) values ('Intermediate', 59);
insert into student (skill_level, person_id) values ('Beginner', 60);
insert into student (skill_level, person_id) values ('Beginner', 61);
insert into student (skill_level, person_id) values ('Advanced', 62);
insert into student (skill_level, person_id) values ('Advanced', 63);
insert into student (skill_level, person_id) values ('Beginner', 64);
insert into student (skill_level, person_id) values ('Intermediate', 65);
insert into student (skill_level, person_id) values ('Advanced', 66);
insert into student (skill_level, person_id) values ('Advanced', 67);
insert into student (skill_level, person_id) values ('Beginner', 68);
insert into student (skill_level, person_id) values ('Beginner', 69);
insert into student (skill_level, person_id) values ('Advanced', 70);
insert into student (skill_level, person_id) values ('Intermediate', 71);
insert into student (skill_level, person_id) values ('Advanced', 72);
insert into student (skill_level, person_id) values ('Intermediate', 73);
insert into student (skill_level, person_id) values ('Intermediate', 74);
insert into student (skill_level, person_id) values ('Intermediate', 75);
insert into student (skill_level, person_id) values ('Beginner', 76);
insert into student (skill_level, person_id) values ('Advanced', 77);
insert into student (skill_level, person_id) values ('Intermediate', 78);
insert into student (skill_level, person_id) values ('Beginner', 79);
insert into student (skill_level, person_id) values ('Beginner', 80);
insert into student (skill_level, person_id) values ('Beginner', 81);
insert into student (skill_level, person_id) values ('Intermediate', 82);
insert into student (skill_level, person_id) values ('Advanced', 83);
insert into student (skill_level, person_id) values ('Intermediate', 84);
insert into student (skill_level, person_id) values ('Advanced', 85);
insert into student (skill_level, person_id) values ('Intermediate', 86);
insert into student (skill_level, person_id) values ('Intermediate', 87);
insert into student (skill_level, person_id) values ('Beginner', 88);
insert into student (skill_level, person_id) values ('Intermediate', 89);
insert into student (skill_level, person_id) values ('Beginner', 90);
insert into student (skill_level, person_id) values ('Advanced', 91);
insert into student (skill_level, person_id) values ('Advanced', 92);
insert into student (skill_level, person_id) values ('Intermediate', 93);
insert into student (skill_level, person_id) values ('Intermediate', 94);
insert into student (skill_level, person_id) values ('Advanced', 95);
insert into student (skill_level, person_id) values ('Intermediate', 96);
insert into student (skill_level, person_id) values ('Beginner', 97);
insert into student (skill_level, person_id) values ('Intermediate', 98);
insert into student (skill_level, person_id) values ('Advanced', 99);
insert into student (skill_level, person_id) values ('Beginner', 100);
insert into student (skill_level, person_id) values ('Intermediate', 101);
insert into student (skill_level, person_id) values ('Beginner', 102);
insert into student (skill_level, person_id) values ('Beginner', 103);
insert into student (skill_level, person_id) values ('Intermediate', 104);
insert into student (skill_level, person_id) values ('Intermediate', 105);
insert into student (skill_level, person_id) values ('Advanced', 106);
insert into student (skill_level, person_id) values ('Advanced', 107);
insert into student (skill_level, person_id) values ('Advanced', 108);
insert into student (skill_level, person_id) values ('Advanced', 109);
insert into student (skill_level, person_id) values ('Beginner', 110);
insert into student (skill_level, person_id) values ('Beginner', 111);
insert into student (skill_level, person_id) values ('Beginner', 112);
insert into student (skill_level, person_id) values ('Intermediate', 113);
insert into student (skill_level, person_id) values ('Intermediate', 114);
insert into student (skill_level, person_id) values ('Beginner', 115);
insert into student (skill_level, person_id) values ('Advanced', 116);
insert into student (skill_level, person_id) values ('Beginner', 117);
insert into student (skill_level, person_id) values ('Advanced', 118);
insert into student (skill_level, person_id) values ('Intermediate', 119);
insert into student (skill_level, person_id) values ('Beginner', 120);
insert into student (skill_level, person_id) values ('Advanced', 121);
insert into student (skill_level, person_id) values ('Intermediate', 122);
insert into student (skill_level, person_id) values ('Intermediate', 123);
insert into student (skill_level, person_id) values ('Beginner', 124);
insert into student (skill_level, person_id) values ('Advanced', 125);
insert into student (skill_level, person_id) values ('Beginner', 126);
insert into student (skill_level, person_id) values ('Beginner', 127);
insert into student (skill_level, person_id) values ('Intermediate', 128);
insert into student (skill_level, person_id) values ('Beginner', 129);
insert into student (skill_level, person_id) values ('Beginner', 130);
insert into student (skill_level, person_id) values ('Advanced', 131);
insert into student (skill_level, person_id) values ('Intermediate', 132);
insert into student (skill_level, person_id) values ('Beginner', 133);
insert into student (skill_level, person_id) values ('Beginner', 134);
insert into student (skill_level, person_id) values ('Intermediate', 135);
insert into student (skill_level, person_id) values ('Beginner', 136);
insert into student (skill_level, person_id) values ('Intermediate', 137);
insert into student (skill_level, person_id) values ('Intermediate', 138);
insert into student (skill_level, person_id) values ('Intermediate', 139);
insert into student (skill_level, person_id) values ('Advanced', 140);
insert into student (skill_level, person_id) values ('Intermediate', 141);
insert into student (skill_level, person_id) values ('Advanced', 142);
insert into student (skill_level, person_id) values ('Beginner', 143);
insert into student (skill_level, person_id) values ('Beginner', 144);
insert into student (skill_level, person_id) values ('Intermediate', 145);
insert into student (skill_level, person_id) values ('Advanced', 146);
insert into student (skill_level, person_id) values ('Intermediate', 147);
insert into student (skill_level, person_id) values ('Intermediate', 148);
insert into student (skill_level, person_id) values ('Advanced', 149);
insert into student (skill_level, person_id) values ('Beginner', 150);
insert into student (skill_level, person_id) values ('Intermediate', 151);
insert into student (skill_level, person_id) values ('Advanced', 152);
insert into student (skill_level, person_id) values ('Beginner', 153);
insert into student (skill_level, person_id) values ('Beginner', 154);
insert into student (skill_level, person_id) values ('Intermediate', 155);
insert into student (skill_level, person_id) values ('Beginner', 156);
insert into student (skill_level, person_id) values ('Advanced', 157);
insert into student (skill_level, person_id) values ('Intermediate', 158);
insert into student (skill_level, person_id) values ('Beginner', 159);
insert into student (skill_level, person_id) values ('Advanced', 160);
insert into student (skill_level, person_id) values ('Advanced', 161);
insert into student (skill_level, person_id) values ('Beginner', 162);
insert into student (skill_level, person_id) values ('Advanced', 163);
insert into student (skill_level, person_id) values ('Advanced', 164);
insert into student (skill_level, person_id) values ('Beginner', 165);
insert into student (skill_level, person_id) values ('Beginner', 166);
insert into student (skill_level, person_id) values ('Intermediate', 167);
insert into student (skill_level, person_id) values ('Beginner', 168);
insert into student (skill_level, person_id) values ('Intermediate', 169);
insert into student (skill_level, person_id) values ('Beginner', 170);
insert into student (skill_level, person_id) values ('Intermediate', 171);
insert into student (skill_level, person_id) values ('Intermediate', 172);
insert into student (skill_level, person_id) values ('Advanced', 173);
insert into student (skill_level, person_id) values ('Beginner', 174);
insert into student (skill_level, person_id) values ('Intermediate', 175);
insert into student (skill_level, person_id) values ('Intermediate', 176);
insert into student (skill_level, person_id) values ('Beginner', 177);
insert into student (skill_level, person_id) values ('Beginner', 178);
insert into student (skill_level, person_id) values ('Advanced', 179);
insert into student (skill_level, person_id) values ('Advanced', 180);
insert into student (skill_level, person_id) values ('Advanced', 181);
insert into student (skill_level, person_id) values ('Advanced', 182);
insert into student (skill_level, person_id) values ('Intermediate', 183);
insert into student (skill_level, person_id) values ('Intermediate', 184);
insert into student (skill_level, person_id) values ('Advanced', 185);
insert into student (skill_level, person_id) values ('Intermediate', 186);
insert into student (skill_level, person_id) values ('Intermediate', 187);
insert into student (skill_level, person_id) values ('Advanced', 188);
insert into student (skill_level, person_id) values ('Advanced', 189);
insert into student (skill_level, person_id) values ('Beginner', 190);
insert into student (skill_level, person_id) values ('Advanced', 191);
insert into student (skill_level, person_id) values ('Intermediate', 192);
insert into student (skill_level, person_id) values ('Advanced', 193);
insert into student (skill_level, person_id) values ('Beginner', 194);
insert into student (skill_level, person_id) values ('Beginner', 195);
insert into student (skill_level, person_id) values ('Beginner', 196);
insert into student (skill_level, person_id) values ('Intermediate', 197);
insert into student (skill_level, person_id) values ('Intermediate', 198);
insert into student (skill_level, person_id) values ('Advanced', 199);
insert into student (skill_level, person_id) values ('Beginner', 200);
insert into student (skill_level, person_id) values ('Beginner', 201);
insert into student (skill_level, person_id) values ('Advanced', 202);
insert into student (skill_level, person_id) values ('Intermediate', 203);
insert into student (skill_level, person_id) values ('Beginner', 204);
insert into student (skill_level, person_id) values ('Advanced', 205);
insert into student (skill_level, person_id) values ('Beginner', 206);
insert into student (skill_level, person_id) values ('Intermediate', 207);
insert into student (skill_level, person_id) values ('Intermediate', 208);
insert into student (skill_level, person_id) values ('Beginner', 209);
insert into student (skill_level, person_id) values ('Advanced', 210);
insert into student (skill_level, person_id) values ('Beginner', 211);
insert into student (skill_level, person_id) values ('Advanced', 212);
insert into student (skill_level, person_id) values ('Advanced', 213);
insert into student (skill_level, person_id) values ('Intermediate', 214);
insert into student (skill_level, person_id) values ('Beginner', 215);
insert into student (skill_level, person_id) values ('Advanced', 216);
insert into student (skill_level, person_id) values ('Intermediate', 217);
insert into student (skill_level, person_id) values ('Intermediate', 218);
insert into student (skill_level, person_id) values ('Advanced', 219);
insert into student (skill_level, person_id) values ('Beginner', 220);
insert into student (skill_level, person_id) values ('Intermediate', 221);
insert into student (skill_level, person_id) values ('Beginner', 222);
insert into student (skill_level, person_id) values ('Advanced', 223);
insert into student (skill_level, person_id) values ('Beginner', 224);
insert into student (skill_level, person_id) values ('Intermediate', 225);
insert into student (skill_level, person_id) values ('Beginner', 226);
insert into student (skill_level, person_id) values ('Intermediate', 227);
insert into student (skill_level, person_id) values ('Beginner', 228);
insert into student (skill_level, person_id) values ('Advanced', 229);
insert into student (skill_level, person_id) values ('Advanced', 230);






insert into instructor (person_id) values (231);
insert into instructor (person_id) values (232);
insert into instructor (person_id) values (233);
insert into instructor (person_id) values (234);
insert into instructor (person_id) values (235);
insert into instructor (person_id) values (236);
insert into instructor (person_id) values (237);
insert into instructor (person_id) values (238);
insert into instructor (person_id) values (239);
insert into instructor (person_id) values (240);
insert into instructor (person_id) values (241);
insert into instructor (person_id) values (242);
insert into instructor (person_id) values (243);
insert into instructor (person_id) values (244);
insert into instructor (person_id) values (245);
insert into instructor (person_id) values (246);
insert into instructor (person_id) values (247);
insert into instructor (person_id) values (248);
insert into instructor (person_id) values (249);
insert into instructor (person_id) values (250);



insert into known_instrument (instrument, instructor_id) values ('Cello', 16);
insert into known_instrument (instrument, instructor_id) values ('Cello', 3);
insert into known_instrument (instrument, instructor_id) values ('Piano', 19);
insert into known_instrument (instrument, instructor_id) values ('Piano', 11);
insert into known_instrument (instrument, instructor_id) values ('Trombone', 18);
insert into known_instrument (instrument, instructor_id) values ('Trombone', 17);
insert into known_instrument (instrument, instructor_id) values ('Drums', 16);
insert into known_instrument (instrument, instructor_id) values ('Drums', 15);
insert into known_instrument (instrument, instructor_id) values ('Guitar', 3);
insert into known_instrument (instrument, instructor_id) values ('Cello', 1);
insert into known_instrument (instrument, instructor_id) values ('Guitar', 8);
insert into known_instrument (instrument, instructor_id) values ('Clarinet', 9);
insert into known_instrument (instrument, instructor_id) values ('Trombone', 13);
insert into known_instrument (instrument, instructor_id) values ('Flute', 10);
insert into known_instrument (instrument, instructor_id) values ('Drums', 11);
insert into known_instrument (instrument, instructor_id) values ('Saxophone', 7);
insert into known_instrument (instrument, instructor_id) values ('Flute', 7);
insert into known_instrument (instrument, instructor_id) values ('Trombone', 8);
insert into known_instrument (instrument, instructor_id) values ('Trombone', 5);
insert into known_instrument (instrument, instructor_id) values ('Cello', 9);
insert into known_instrument (instrument, instructor_id) values ('Cello', 6);
insert into known_instrument (instrument, instructor_id) values ('Flute', 5);
insert into known_instrument (instrument, instructor_id) values ('Cello', 18);
insert into known_instrument (instrument, instructor_id) values ('Violin', 18);
insert into known_instrument (instrument, instructor_id) values ('Saxophone', 10);
insert into known_instrument (instrument, instructor_id) values ('Piano', 8);
insert into known_instrument (instrument, instructor_id) values ('Flute', 2);
insert into known_instrument (instrument, instructor_id) values ('Trombone', 2);
insert into known_instrument (instrument, instructor_id) values ('Drums', 8);
insert into known_instrument (instrument, instructor_id) values ('Piano', 2);
insert into known_instrument (instrument, instructor_id) values ('Trumpet', 1);
insert into known_instrument (instrument, instructor_id) values ('Trombone', 14);
insert into known_instrument (instrument, instructor_id) values ('Drums', 18);
insert into known_instrument (instrument, instructor_id) values ('Piano', 3);
insert into known_instrument (instrument, instructor_id) values ('Flute', 4);
insert into known_instrument (instrument, instructor_id) values ('Cello', 4);
insert into known_instrument (instrument, instructor_id) values ('Cello', 12);
insert into known_instrument (instrument, instructor_id) values ('Guitar', 10);
insert into known_instrument (instrument, instructor_id) values ('Flute', 20);
insert into known_instrument (instrument, instructor_id) values ('Cello', 19);
insert into known_instrument (instrument, instructor_id) values ('Violin', 9);
insert into known_instrument (instrument, instructor_id) values ('Guitar', 20);
insert into known_instrument (instrument, instructor_id) values ('Flute', 1);
insert into known_instrument (instrument, instructor_id) values ('Violin', 2);
insert into known_instrument (instrument, instructor_id) values ('Flute', 17);
insert into known_instrument (instrument, instructor_id) values ('Flute', 12);
insert into known_instrument (instrument, instructor_id) values ('Guitar', 14);
insert into known_instrument (instrument, instructor_id) values ('Trumpet', 16);
insert into known_instrument (instrument, instructor_id) values ('Piano', 7);
insert into known_instrument (instrument, instructor_id) values ('Drums', 17);
insert into known_instrument (instrument, instructor_id) values ('Flute', 6);
insert into known_instrument (instrument, instructor_id) values ('Saxophone', 2);
insert into known_instrument (instrument, instructor_id) values ('Piano', 12);
insert into known_instrument (instrument, instructor_id) values ('Piano', 1);
insert into known_instrument (instrument, instructor_id) values ('Clarinet', 14);
insert into known_instrument (instrument, instructor_id) values ('Drums', 13);
insert into known_instrument (instrument, instructor_id) values ('Flute', 15);
insert into known_instrument (instrument, instructor_id) values ('Drums', 6);
insert into known_instrument (instrument, instructor_id) values ('Clarinet', 19);
insert into known_instrument (instrument, instructor_id) values ('Saxophone', 11);
insert into known_instrument (instrument, instructor_id) values ('Trumpet', 5);
insert into known_instrument (instrument, instructor_id) values ('Piano', 5);
insert into known_instrument (instrument, instructor_id) values ('Saxophone', 20);
insert into known_instrument (instrument, instructor_id) values ('Clarinet', 13);







insert into instrument_type (type_of_instrument, brand, cost) values ('Violin', 'Yamaha', 230.62);
insert into instrument_type (type_of_instrument, brand, cost) values ('Violin', 'Eastman', 229.82);
insert into instrument_type (type_of_instrument, brand, cost) values ('Guitar', 'Fender', 232.01);
insert into instrument_type (type_of_instrument, brand, cost) values ('Guitar', 'Gibson', 235.45);
insert into instrument_type (type_of_instrument, brand, cost) values ('Guitar', 'Yamaha', 218.02);
insert into instrument_type (type_of_instrument, brand, cost) values ('Flute', 'Yamaha', 207.32);
insert into instrument_type (type_of_instrument, brand, cost) values ('Flute', 'Gemeinhardt', 238.28);





INSERT INTO pricing (skill_level, lesson_type, student_fee, instructor_pay, sibling_discount, valid_from)
VALUES 
    ('Beginner', 'Individual', 50.00, 30.00, 0.10, CURRENT_DATE),
    ('Beginner', 'Group', 30.00, 20.00, 0.10, CURRENT_DATE),
    ('Beginner', 'Ensemble', 40.00, 25.00, 0.10, CURRENT_DATE),

    ('Intermediate', 'Individual', 60.00, 40.00, 0.15, CURRENT_DATE),
    ('Intermediate', 'Group', 40.00, 25.00, 0.15, CURRENT_DATE),
    ('Intermediate', 'Ensemble', 50.00, 30.00, 0.15, CURRENT_DATE),

    ('Advanced', 'Individual', 70.00, 50.00, 0.20, CURRENT_DATE),
    ('Advanced', 'Group', 50.00, 35.00, 0.20, CURRENT_DATE),
    ('Advanced', 'Ensemble', 60.00, 40.00, 0.20, CURRENT_DATE);


    -- Insert Individual Lessons
DO $$ 
DECLARE
    lesson_date TIMESTAMP;
    instrument_type VARCHAR(500);
BEGIN
    FOR month_offset IN 0..11 LOOP
        lesson_date := CURRENT_DATE + (interval '1 month' * month_offset);
        FOR lesson_count IN 1..2 LOOP
            FOR instrument_type IN SELECT unnest(ARRAY['Piano', 'Violin', 'Guitar', 'Flute', 'Trumpet', 'Drums', 'Saxophone', 'Clarinet', 'Cello', 'Trombone'])
            LOOP
                PERFORM insert_lesson(
                    lesson_date + interval '1 day' * (lesson_count - 1),
                    'Individual',
                    CASE lesson_count
                        WHEN 1 THEN 'Beginner'
                        WHEN 2 THEN 'Intermediate'
                    END,
                    instrument_type
                );
            END LOOP;
        END LOOP;
    END LOOP;
END $$;

-- Insert Group Lessons
DO $$ 
DECLARE
    lesson_date TIMESTAMP;
    instrument_type VARCHAR(500);
BEGIN
    FOR month_offset IN 0..11 LOOP
        lesson_date := CURRENT_DATE + (interval '1 month' * month_offset);
        FOR lesson_count IN 1..2 LOOP
            FOR instrument_type IN SELECT unnest(ARRAY['Piano', 'Violin', 'Guitar', 'Flute', 'Trumpet', 'Drums', 'Saxophone', 'Clarinet', 'Cello', 'Trombone'])
            LOOP
                PERFORM insert_lesson(
                    lesson_date + interval '1 day' * (lesson_count - 1),
                    'Group',
                    CASE lesson_count
                        WHEN 1 THEN 'Intermediate'
                        WHEN 2 THEN 'Advanced'
                    END,
                    instrument_type
                );
            END LOOP;
        END LOOP;
    END LOOP;
END $$;

-- Insert Ensemble Lessons
DO $$ 
DECLARE
    lesson_date TIMESTAMP;
    genre VARCHAR(500);
BEGIN
    FOR month_offset IN 0..11 LOOP
        lesson_date := CURRENT_DATE + (interval '1 month' * month_offset);
        FOR lesson_count IN 1..2 LOOP
            FOR genre IN SELECT unnest(ARRAY['Jazz', 'Classical', 'Rock', 'Pop'])
            LOOP
                PERFORM insert_lesson(
                    lesson_date + interval '1 day' * (lesson_count - 1),
                    'Ensemble',
                    CASE lesson_count
                        WHEN 1 THEN 'Beginner'
                        WHEN 2 THEN 'Advanced'
                    END,
                    genre
                );
            END LOOP;
        END LOOP;
    END LOOP;
END $$;



INSERT INTO sibling (student_id, sibling_id) VALUES (1, 2), (1, 3);
INSERT INTO sibling (student_id, sibling_id) VALUES (2, 1), (2, 3);
INSERT INTO sibling (student_id, sibling_id) VALUES (3, 1), (3, 2);


INSERT INTO sibling (student_id, sibling_id) VALUES (4, 5);
INSERT INTO sibling (student_id, sibling_id) VALUES (5, 4);


INSERT INTO sibling (student_id, sibling_id) VALUES (6, 7), (6, 8), (6, 9);
INSERT INTO sibling (student_id, sibling_id) VALUES (7, 6), (7, 8), (7, 9);
INSERT INTO sibling (student_id, sibling_id) VALUES (8, 6), (8, 7), (8, 9);
INSERT INTO sibling (student_id, sibling_id) VALUES (9, 6), (9, 7), (9, 8);


INSERT INTO sibling (student_id, sibling_id) VALUES (10, 11);
INSERT INTO sibling (student_id, sibling_id) VALUES (11, 10);


INSERT INTO sibling (student_id, sibling_id) VALUES (12, 13), (12, 14);
INSERT INTO sibling (student_id, sibling_id) VALUES (13, 12), (13, 14);
INSERT INTO sibling (student_id, sibling_id) VALUES (14, 12), (14, 13);


INSERT INTO sibling (student_id, sibling_id) VALUES (15, 16);
INSERT INTO sibling (student_id, sibling_id) VALUES (16, 15);


INSERT INTO sibling (student_id, sibling_id) VALUES (150, 151), (150, 152);
INSERT INTO sibling (student_id, sibling_id) VALUES (151, 150), (151, 152);
INSERT INTO sibling (student_id, sibling_id) VALUES (152, 150), (152, 151);


INSERT INTO sibling (student_id, sibling_id) VALUES (153, 154);
INSERT INTO sibling (student_id, sibling_id) VALUES (154, 153);


INSERT INTO sibling (student_id, sibling_id) VALUES (155, 156), (155, 157), (155, 158);
INSERT INTO sibling (student_id, sibling_id) VALUES (156, 155), (156, 157), (156, 158);
INSERT INTO sibling (student_id, sibling_id) VALUES (157, 155), (157, 156), (157, 158);
INSERT INTO sibling (student_id, sibling_id) VALUES (158, 155), (158, 156), (158, 157);


INSERT INTO sibling (student_id, sibling_id) VALUES (159, 160);
INSERT INTO sibling (student_id, sibling_id) VALUES (160, 159);


INSERT INTO sibling (student_id, sibling_id) VALUES (161, 162), (161, 163);
INSERT INTO sibling (student_id, sibling_id) VALUES (162, 161), (162, 163);
INSERT INTO sibling (student_id, sibling_id) VALUES (163, 161), (163, 162);


INSERT INTO sibling (student_id, sibling_id) VALUES (164, 165);
INSERT INTO sibling (student_id, sibling_id) VALUES (165, 164);